ip_country;Number of Answers;Avg number of employees;Avg number of communities;Avg catchment area (ha);SumAREA;Avg reduced catchment area (ha);Area_percent_covered;SumNCSOs;SumNinstrumCSO;AvgShareNinstrumCSO;year;Share of CSOs with Sensors
BE;1;1200.0;300.0;1350000.0;13500.0;;0.44221698113207547;4500.0;1600.0;0.356;1990.0;0.35555555555555557
CH;127;11.8;7.2;5214.1;6621.906839240507;378.8;0.16037167516506035;1792.0;722.0;0.487;1926.4;0.4029017857142857
DE;1;42.0;1.0;8600.0;86.0;;0.00024050494852914444;3.0;3.0;1.0;1994.0;1.0
DK;4;170.2;3.2;10166.8;406.67;1227.0;0.009469113092881924;534.0;299.0;0.707;1972.2;0.5599250936329588
ES;4;935.5;1250028.5;13550.0;542.0;4050.0;0.0010872945023420965;213.0;134.0;0.832;1961.2;0.6291079812206573
FR;9;1912.2;19.9;18791.0;1691.19;143.5;0.003109142351835953;838.0;198.0;0.37;1768.0;0.23627684964200477
LU;1;100.0;24.0;51461.0;514.61;;0.19899845320959011;238.0;100.0;0.42;1994.0;0.42016806722689076
